videoId,title,publishedAt,duration,viewCount,likeCount,commentCount,thumbnail
JbLJ6toekzI,Just three Chinese men baking a cake #shorts,2025-01-04T19:00:11Z,PT36S,11976752,750975,1706,https://i.ytimg.com/vi/JbLJ6toekzI/hqdefault.jpg
qX0p_zMb4sE,It was not his first timeâ€¦  #shorts,2025-03-14T05:14:58Z,PT51S,8583934,773222,2439,https://i.ytimg.com/vi/qX0p_zMb4sE/hqdefault.jpg
PFi4PXZXX-M,"You bleed blood, I bleed kimchi #korea #korean",2024-05-05T04:42:48Z,PT47S,8124780,466187,1539,https://i.ytimg.com/vi/PFi4PXZXX-M/hqdefault.jpg
fhM_XD95M50,Top 10 nonchalant moments of all time #kpop #keeho #p1harmony,2024-07-28T19:41:18Z,PT25S,6488139,562234,2225,https://i.ytimg.com/vi/fhM_XD95M50/hqdefault.jpg
goJLurl4M8Y,I mean... are they wrong,2024-07-18T23:47:58Z,PT31S,6471423,403054,3183,https://i.ytimg.com/vi/goJLurl4M8Y/hqdefault.jpg
2CLiI7eplG8,THIS SHI ALWAYS HAPPENS #shorts,2024-08-10T10:11:40Z,PT12S,5896114,556228,1315,https://i.ytimg.com/vi/2CLiI7eplG8/hqdefault.jpg
G_s8_IUjNn0,I hate this trend. #korea,2024-05-10T23:41:27Z,PT59S,5020168,375997,2309,https://i.ytimg.com/vi/G_s8_IUjNn0/hqdefault.jpg
YFN17RG07vs,The only dance we knowâ€¦ #kpop #illit,2024-04-28T06:32:27Z,PT22S,4820489,365508,1493,https://i.ytimg.com/vi/YFN17RG07vs/hqdefault.jpg
eere7S2cu-4,My dad changed races for this ðŸ’€ #shorts,2024-03-05T21:00:20Z,PT39S,4180659,339230,1093,https://i.ytimg.com/vi/eere7S2cu-4/hqdefault.jpg
4Jbyo8YW5CY,Eating EVERY ITEM On The Jollibee Menu,2024-01-10T01:00:36Z,PT33M56S,2821176,83743,3350,https://i.ytimg.com/vi/4Jbyo8YW5CY/hqdefault.jpg
